state,area,pop,density
California,423967,38332521,90.41392608386974
Texas,695662,26448193,38.01874042279153
New York,141297,19651127,139.07674614464568
Florida,170312,19552860,114.80612053173
Illinois,149995,12882135,85.88376279209307